<?xml version="1.0" encoding="UTF-8"?>
<!DOCTYPE suite SYSTEM "http://testng.org/testng-1.0.dtd">
<suite name="Suite">

<listeners>
	<listener class-name = "Academy.Listener"/>
	<listener class-name = "resources.ExtentReporterNG"/>
	</listeners>
 
  <test name="Validating User login">
    <classes>
      <class name="Academy.HomePage"/>
      </classes>
      </test>
      
      <test name="Validating Title in the Page">
      <classes>
      <class name="Academy.validateTitle"/>
       </classes>
      </test>
      
      <test name="App Testing">
      <classes>
      <class name="Academy.AppTest"/>
       </classes>
      </test>
      
      <test name="Validating Navigation Bar">
      <classes>
      <class name="Academy.validateNavigationBar"/>
    </classes>
  </test>
</suite>
